customer_id,name,email,region,signup_date
1,Allison Hill,donaldgarcia@example.net,North,2025-11-19
2,Javier Johnson,jesseguzman@example.net,West,2023-10-22
3,Kimberly Robinson,lisa02@example.net,East,2024-06-23
4,Daniel Gallagher,daviscolin@example.com,South,2025-01-08
5,Monica Herrera,smiller@example.net,South,2025-01-24
6,Laura Bush,stanleykendra@example.org,West,2025-10-10
7,Jamie Chavez,francisco53@example.net,North,2024-01-05
8,Maria Lynch,amandasanchez@example.com,East,2024-05-07
9,Margaret Hawkins DDS,perezantonio@example.com,North,2024-05-31
10,Thomas Bradley,jason76@example.net,North,2024-08-02
11,David Hoffman,julie69@example.com,East,2024-04-18
12,Brenda Snyder PhD,hernandezernest@example.net,West,2024-06-23
13,James Ferrell,tasha01@example.net,East,2025-11-11
14,Patricia Peterson,ryan70@example.net,West,2025-11-02
16,James Martin,georgetracy@example.org,West,2025-12-30
17,Sandra Parker,allenashley@example.org,East,2023-06-20
18,Mr. Philip Cannon,donnaarroyo@example.org,North,2024-01-03
19,Jenny Lewis,jenniferross@example.net,West,2025-02-27
20,Joseph Martinez,calebsmith@example.net,South,2023-11-25
21,Benjamin Welch,carlosjohnson@example.com,East,2023-06-04
22,Michael Lewis,jenniferkhan@example.net,South,2024-08-17
23,Rhonda Lee,hopkinsmichael@example.com,North,2024-08-11
24,Megan Joyce,brownjessica@example.org,West,2023-12-16
25,Jerry Henderson,steven17@example.net,West,2023-07-04
26,Kimberly Smith,housemelinda@example.org,East,2024-06-06
27,Dr. Steven Martin,gallowayjoseph@example.com,South,2024-01-25
28,Monica Logan,smoore@example.org,West,2026-02-11
29,Kimberly Adkins,williamsthomas@example.net,East,2023-09-07
30,Angela Lopez,leonardjoe@example.org,South,2026-01-13
31,Lauren Williams,barnesbrandy@example.net,South,2024-02-28
32,Michael Edwards,randy47@example.com,North,2025-12-30
33,Alexandra Howell,jonesjason@example.com,North,2023-08-11
34,Benjamin Sanchez,eric84@example.net,East,2026-02-28
35,Kendra Contreras,sarah12@example.com,West,2023-07-23
36,Juan Nelson,jenniferharris@example.net,North,2025-10-07
37,Danielle Odonnell,davisrodney@example.com,West,2023-05-06
38,Carlos Whitney,joycearnold@example.com,West,2024-11-22
39,Tony Vazquez,amydavenport@example.net,South,2024-11-13
40,Andrew Diaz,nolanjason@example.org,East,2025-03-18
42,Sierra Johnson,kimberly63@example.com,West,2023-09-09
43,Janet Williams,dwalker@example.com,East,2024-02-16
44,Crystal Johnson,raymondramirez@example.org,South,2026-02-09
45,Martin Ross,sheila14@example.org,North,2024-12-13
46,Mrs. Linda Reed,samuel81@example.com,West,2025-11-27
47,Andrew Graham,michaeljones@example.net,South,2025-12-21
48,Mary Martinez,william65@example.com,West,2025-04-20
49,Cheryl Ortega,lbyrd@example.net,East,2024-12-01
50,Roy Torres,russellcarpenter@example.net,West,2024-03-05
51,Michael Dixon,donnacampbell@example.net,West,2025-02-09
52,Robert Potter,jeffrey32@example.org,North,2023-05-08
53,Miss Patricia Gibson,jennifercruz@example.com,South,2023-12-11
54,Abigail Potter,osbornejeffery@example.net,South,2024-10-06
56,Emily Fischer,usalazar@example.net,North,2024-06-28
57,Jill Moore,wcole@example.org,East,2025-09-23
58,Richard Washington,joshuajones@example.com,North,2023-11-30
59,Steven Miller,jessebenson@example.net,East,2023-11-08
60,Gary Owens,clarkrobert@example.net,East,2026-01-17
61,Spencer Johnston,wsmith@example.com,West,2025-06-21
62,Tiffany Barnes,tracynelson@example.com,East,2023-04-19
63,Michael Powell,marycalhoun@example.net,South,2024-10-23
64,Leslie Alvarado,dayderek@example.com,West,2023-10-03
65,Garrett Gibson,kathleen64@example.com,South,2023-12-20
67,Alex Hernandez,thomaswilson@example.org,West,2024-08-09
68,Jacob Obrien,stricklandfrank@example.com,South,2023-07-15
69,Eric Byrd,tsanders@example.org,North,2023-06-10
70,Lori Garcia,melissa91@example.net,South,2025-07-22
72,Steven Stevens,ryangross@example.net,North,2024-01-08
73,Kimberly Webb,lpetersen@example.com,South,2024-03-05
74,Timothy Ramirez,dsanchez@example.net,North,2025-01-15
75,Allen Rosales,tonykelly@example.com,East,2024-03-25
77,Peter Vaughn DDS,bwest@example.org,South,2024-02-04
78,David Beck,thomas85@example.com,North,2026-03-14
79,Heather Chavez,john13@example.com,East,2023-07-27
80,Pamela Lopez,joannahill@example.net,East,2026-02-20
81,Diane Garcia,kennethward@example.com,West,2023-04-03
82,Denise Mccann,heidi27@example.org,South,2025-10-29
83,Julie Alexander,tammyking@example.com,North,2023-07-21
84,John Ray,hernandezlisa@example.com,West,2023-06-20
85,Justin Butler,kimberlyjames@example.com,East,2024-02-07
86,Jessica Carroll,lynchjody@example.org,East,2025-01-31
87,Brad Allen,moorericky@example.net,North,2024-12-28
88,David Mann,ojones@example.com,South,2025-07-28
89,Mary Peck,owilson@example.net,West,2023-08-29
90,Charles Brown,brooke94@example.com,West,2023-08-02
91,Melissa Bender,mkim@example.org,South,2025-11-16
92,Lindsey Johnson,suzannehuff@example.net,West,2024-12-20
93,Phillip Underwood,hinesgregory@example.net,West,2025-03-01
94,Catherine Richards,ecosta@example.com,South,2024-06-08
95,Brian Martin,ssteele@example.net,West,2026-01-16
96,Krista Gibson,johnny16@example.net,South,2025-09-07
97,Sean Murray,lopezmichael@example.com,North,2025-01-31
98,Christina Dunn,samuel71@example.org,East,2026-02-16
99,Cynthia Moore,tranchristopher@example.org,East,2024-08-05
100,Ronnie Jimenez,william46@example.com,North,2026-02-24
101,Juan Reyes,michellehill@example.com,West,2024-03-25
102,Debra Smith,mary97@example.org,North,2024-07-19
103,Mr. Phillip Bennett,molly39@example.com,West,2023-11-29
104,Amanda Garner,qhughes@example.net,North,2026-02-24
105,Andrew Shaw MD,sawyerscott@example.net,West,2025-12-09
106,Charles Pitts,charlesharrington@example.com,West,2024-03-23
107,Marie Christian,ofinley@example.net,West,2025-11-14
108,Joshua Williamson II,wendy16@example.org,East,2025-06-28
109,Ashlee Jackson,rebecca05@example.org,South,2024-02-03
110,Charles Schmidt,georgemiller@example.com,East,2025-01-25
111,Thomas Thomas,dlittle@example.com,South,2025-03-18
112,Julie Roberts,charleslandry@example.net,West,2024-02-09
114,Laura Haney,andrew64@example.org,South,2024-11-27
115,Natasha Williams,swall@example.org,East,2025-01-11
116,Mark Oliver,courtneyberger@example.net,East,2023-05-01
117,Amanda Diaz,christopherphillips@example.net,North,2024-06-15
118,Richard Walter,alyssa42@example.com,North,2025-12-13
119,Tracy Phillips,linda71@example.org,North,2025-06-21
121,Alexis Herrera,vrichardson@example.net,South,2023-12-31
122,Mark Watson,thomasharvey@example.net,East,2024-03-12
124,Tracy Torres,pwilson@example.net,South,2023-08-14
125,Michael Paul,umatthews@example.org,West,2025-11-12
126,Sandra Gilbert,antonio53@example.com,East,2024-07-17
127,Jack Pollard,amy50@example.com,North,2024-01-15
128,Tiffany Holloway,batesdarlene@example.net,West,2026-02-14
129,Gavin Zhang,caseyhubbard@example.org,East,2024-12-20
130,Crystal Schroeder,ramireztracey@example.org,East,2024-10-30
131,Ashley Delacruz,alexistyler@example.org,East,2024-12-22
132,Derek Martinez,vfox@example.org,East,2024-08-21
133,Kayla Rodriguez,soniawilliams@example.net,North,2024-10-09
134,Victor Brown,bboone@example.net,East,2023-07-15
135,Jill Lam,charlene12@example.com,West,2025-01-30
136,Michelle James,shawn96@example.org,South,2025-08-03
137,Matthew Rich,russellbeasley@example.com,East,2024-03-24
138,Jason Davis,qedwards@example.com,North,2026-01-26
139,Kara Davis,daviscolin@example.net,South,2024-04-30
140,Anthony Frye,elizabeth65@example.net,South,2026-01-12
141,Thomas Williams,caroline51@example.net,West,2024-09-24
142,John Boone,megan51@example.com,North,2024-12-06
143,Sarah Villegas,lynchdiane@example.net,South,2024-01-05
144,Michael Parker,michael22@example.net,South,2025-03-07
145,Patrick Bonilla,reesejason@example.com,West,2024-07-27
146,Eric Nguyen,wareeric@example.net,West,2023-05-12
147,Jeremy Coleman,nperry@example.net,North,2023-07-21
148,Douglas Gregory,trose@example.org,North,2023-11-15
149,Mrs. Christine Dougherty,kathrynroberts@example.org,West,2023-03-27
150,Casey James,vincentwhitaker@example.com,North,2023-06-05
151,Amanda Smith,atkinsbarbara@example.net,West,2024-06-03
152,Donna Sullivan,george97@example.net,South,2025-12-20
154,Richard Jones,schmidtjames@example.com,South,2024-04-06
155,Maria Hernandez,thomasjames@example.net,South,2023-09-02
156,Angela Bean,kmarshall@example.net,East,2024-07-22
157,Kristy Reid,michelle52@example.com,North,2023-06-01
158,Eric Hill,bellcharles@example.com,East,2024-07-25
159,Ronald Jones,gilbertwilliam@example.com,East,2024-12-13
160,Nancy Williams,marcalvarez@example.org,West,2026-01-30
161,Robert Monroe,wagnergerald@example.org,West,2025-05-01
162,Kelly Bishop MD,paul59@example.org,East,2025-07-30
163,Andrea Davis,umitchell@example.net,South,2026-02-07
164,Brittany Miller,sabrinacollins@example.net,South,2025-04-21
165,Kurt Hurley,angelica52@example.net,South,2025-04-26
166,Yolanda Gaines,lucasrodney@example.com,West,2023-04-07
167,Trevor Peterson,ilee@example.org,South,2023-06-11
168,Ashley Wise,stanleynancy@example.net,North,2023-08-09
169,Christopher Guerra,jenniferwilliams@example.com,South,2025-03-28
171,Stephanie Lee,smurray@example.com,North,2024-09-19
172,Christopher Gonzalez,moniquewilliams@example.com,North,2025-10-31
173,Ashley Singleton,mitchellkathryn@example.com,West,2024-07-23
174,Sandra Davis,lisawilkerson@example.org,East,2024-06-15
175,James Hughes,brooksanthony@example.org,East,2025-09-22
176,Raven Taylor,samantha72@example.net,South,2024-08-13
177,Susan Smith,marydunn@example.net,East,2025-01-13
178,Ricardo Young,williamsrobert@example.net,North,2024-07-31
179,Taylor Carlson,chenbailey@example.net,West,2023-08-23
180,Lucas Allen,qlopez@example.org,East,2024-10-12
181,Troy Stephens,myerstheodore@example.net,West,2024-05-15
182,Paul Kelly,cooperjessica@example.net,North,2023-07-10
183,Nicole Anderson,amy27@example.net,South,2024-08-23
184,Chad Baldwin,mjohnson@example.org,East,2025-08-01
185,Emily Collins,ihays@example.com,South,2023-12-21
186,Cheryl Kelly,glennmartin@example.org,South,2025-08-10
187,James Gonzales,lmorgan@example.com,North,2025-04-14
188,Robert Adams,acostachristian@example.net,South,2026-03-12
189,Edward Garcia,donna47@example.net,North,2025-05-12
190,Jeremy West,christina64@example.net,South,2026-02-24
191,Angela Walsh,william20@example.org,East,2025-10-03
192,Jessica Martinez,kimberlydiaz@example.com,East,2026-01-21
193,Christian Cole,nathan19@example.org,East,2024-10-18
194,Matthew Wright,johnsonjacob@example.net,South,2024-05-15
195,Deborah Green,nlewis@example.com,West,2025-04-16
196,Mrs. Brandy Jones MD,zosborn@example.net,North,2026-02-10
197,Miss Michelle Pierce,patricia22@example.com,South,2024-09-26
198,Curtis Taylor,jjohnson@example.net,North,2024-04-25
199,Kristen Salazar,jonesraymond@example.net,South,2025-05-14
200,Patricia Morrow,martinezlogan@example.org,West,2024-07-23
201,Haley Humphrey,katrinaanderson@example.net,South,2025-12-10
202,Caleb Hernandez,fernandodonovan@example.org,West,2024-03-31
203,Stephanie Singleton,james84@example.org,South,2025-01-31
204,Anna Davidson,georgeweber@example.net,East,2024-03-22
205,Amanda Shields,williamsdarlene@example.net,South,2024-01-02
206,Kenneth Montgomery,jimenezcourtney@example.com,South,2025-02-18
207,David Aguirre,eevans@example.net,West,2023-05-23
208,John Harris,larryhiggins@example.net,West,2026-03-04
209,James Hodges,floressteven@example.com,South,2024-07-23
210,Anthony Dougherty,kwright@example.com,West,2026-01-04
211,Cheryl Moore,tjimenez@example.com,South,2023-04-13
212,Kathy Levy,brandywilliams@example.com,East,2024-09-10
213,Martha Ruiz,booneryan@example.com,West,2025-05-23
214,Holly Morales,michaelroberts@example.com,South,2024-09-21
215,Diana Hays,andersoncolin@example.com,East,2025-08-05
216,Todd Fischer,carriemorales@example.org,South,2023-05-07
217,Gary Wells,ghernandez@example.org,North,2024-03-12
218,Carla Ewing,brittney88@example.net,North,2024-09-05
219,Karen Smith,emily69@example.com,South,2025-08-07
220,Melissa Johnson,pbaker@example.net,West,2024-12-10
221,Lauren Jackson,rhernandez@example.org,North,2023-04-22
222,Ashley Smith,robert63@example.com,South,2024-09-18
223,Kaitlyn Charles,thorntonapril@example.net,East,2024-03-08
224,Kelly Edwards,stevepatel@example.net,North,2024-04-09
225,Michelle Schneider,chelsea33@example.com,East,2024-11-19
226,William Evans,janet75@example.com,South,2024-04-03
227,Rebecca Hill,berryamy@example.com,West,2025-08-31
228,Regina Roberts,stephanie15@example.com,East,2025-03-06
229,Cindy Clayton,sarah42@example.org,East,2025-01-21
230,Dana Santiago,danawilliams@example.com,North,2024-03-14
231,Michael Taylor,richarddonovan@example.com,South,2024-08-22
232,Victor Morris,velezchristopher@example.net,West,2023-11-28
233,Sarah Johnson,robertmonroe@example.org,North,2026-03-14
234,Jon Zuniga,nancy04@example.net,West,2025-01-07
235,Frances Gibson,ismall@example.net,South,2024-08-12
236,Brian Martin,twong@example.org,East,2023-04-03
238,Angie Caldwell,tinawoods@example.org,South,2023-03-26
240,Amy Wilson,erik84@example.net,East,2023-07-25
241,Elizabeth Mendez,susanmendoza@example.com,North,2025-06-14
242,Jennifer Dunn,ztodd@example.net,East,2025-09-08
243,Melanie Larson,foxallison@example.com,North,2023-06-12
244,Amy Kelley,ashleyhernandez@example.com,East,2025-10-09
245,Michael Love,gdavis@example.com,East,2025-08-20
246,Jose Bryant,hansenemily@example.com,North,2025-05-18
247,Robert Reese,williamsmelvin@example.org,West,2024-10-31
248,Steven Andersen,ajohnson@example.org,South,2025-07-08
249,Veronica Brewer,ybrooks@example.com,West,2025-10-26
250,Jaime Vega,desireebailey@example.org,North,2026-03-10
251,Cameron Irwin,avilatiffany@example.com,North,2025-03-25
252,Kim Morrow,stevenmoore@example.org,South,2026-01-08
253,Ashley Pacheco,bmendez@example.org,North,2023-10-30
254,Andrew Harper,sanchezbradley@example.com,South,2023-11-30
255,Scott Brown,jim95@example.net,East,2025-01-01
256,Erica Turner,valerieboyd@example.com,North,2024-02-11
257,Travis Hobbs,conniesimmons@example.com,East,2023-05-09
258,Mason James,heather62@example.com,North,2024-05-04
260,Kristin Anderson,jonathanrivera@example.org,East,2025-12-22
261,Anna Hardy,brettbennett@example.net,West,2025-01-07
262,Chelsea Gill,timothybooth@example.com,North,2024-02-13
263,Christy Lee,burgesskaren@example.org,South,2025-04-18
264,Jennifer Allen,kimberly67@example.net,West,2025-02-26
265,Ian Andrade,ugarcia@example.com,West,2025-06-29
266,Dale Edwards,hartjeffrey@example.org,East,2023-04-05
267,Lauren Cortez,elijah53@example.com,South,2024-12-01
268,Juan Harding,jonathan77@example.com,South,2023-09-19
269,Caroline Cortez,iwhite@example.net,East,2026-01-30
270,Sara Jones,duranrobert@example.net,East,2023-11-27
271,Alexa Wagner,bruce97@example.net,South,2024-09-03
272,Juan Smith,amanda40@example.net,North,2025-08-25
273,Renee Browning,hullalice@example.org,North,2023-10-15
274,Robin Adams,zmiller@example.com,West,2024-11-26
276,Michele Miller,vnewman@example.net,South,2026-02-21
277,Stephanie Ellison,jasonparrish@example.net,South,2024-08-20
278,Benjamin Frost,whitemelissa@example.org,West,2026-02-03
279,Nicole Marquez,thickman@example.org,North,2024-11-25
280,Sarah Rhodes,patrick21@example.net,North,2025-06-12
281,Brent Hall,petersonkayla@example.net,South,2024-05-26
282,Alyssa Nelson,whenry@example.net,South,2026-01-12
283,Michael Guerrero,bartonkenneth@example.org,East,2025-05-07
284,Christian Dawson,jodistewart@example.org,South,2023-06-27
285,Jill Juarez,andersonjacob@example.com,South,2024-11-17
286,Ashley Davis,carlsonkristen@example.com,West,2023-04-01
287,Richard Hardy,ashleyjackson@example.com,North,2023-09-20
288,Derrick Thomas,ryanfisher@example.com,East,2025-07-23
289,Tony Le,mwheeler@example.com,East,2023-07-14
290,Travis Cook,vbrock@example.com,South,2024-03-19
291,Shannon Mccann,kevinmorrison@example.net,West,2023-10-24
292,Vincent Novak,jessica79@example.org,South,2024-03-09
293,Richard Diaz,brittanygardner@example.net,West,2025-07-06
294,Nicholas Hahn,samuelcarter@example.net,South,2023-06-02
295,Rebecca Chambers,cynthiaallen@example.net,East,2023-09-03
296,James Cole,iaguilar@example.net,East,2025-12-24
297,Jennifer Johnson,jacqueline89@example.net,West,2025-12-14
298,David Ortega,deborahwilliams@example.net,South,2025-03-29
299,Paul Sheppard,grodriguez@example.com,South,2023-11-17
300,Kristin Watts,seanmyers@example.net,North,2024-12-22
301,Haley Johnson,phillipssamantha@example.org,South,2023-07-24
302,Brenda Collins,hmueller@example.com,West,2024-04-03
303,Nathan Chavez,evanslisa@example.org,North,2023-04-12
305,Crystal Sullivan,jacobsandoval@example.com,East,2023-04-19
306,Christina Vargas,nsmith@example.org,North,2024-01-17
307,Rebecca Ray,michaelgonzalez@example.org,South,2023-12-31
308,Kelsey Fowler,lcarr@example.org,East,2024-04-02
310,Eric White,williambarnes@example.org,North,2024-12-07
311,John Medina,angelaburns@example.org,East,2023-10-09
312,Lisa Glenn,washingtonjames@example.com,East,2026-02-06
313,Kathleen Cohen,cmckinney@example.com,North,2023-09-18
314,Rebecca Walker,hillamanda@example.org,South,2025-07-20
315,Patricia Simpson,armstrongjoseph@example.net,North,2025-09-05
316,Rodney Williams,bpayne@example.org,East,2025-06-01
317,Danielle Golden,colemichael@example.org,East,2024-07-11
318,Patricia Young PhD,michelle96@example.org,East,2025-01-21
319,Robin Trujillo,amanda98@example.org,West,2024-03-07
320,Donna Adams,taylorkaren@example.com,West,2025-12-19
321,Sharon Martinez DVM,dustinmorris@example.org,South,2025-06-29
322,Katherine Ray,courtney67@example.org,North,2025-02-09
323,Anna Robertson,heather57@example.com,East,2024-03-11
324,Raymond Oconnor,sreid@example.com,West,2025-10-04
325,Jennifer Donaldson,troymorris@example.com,West,2024-03-22
326,Kylie Washington,patricia00@example.org,North,2025-02-01
327,Alexis Noble,scottsmith@example.com,North,2023-10-26
329,Jacob Mckee,brettgarrett@example.net,North,2025-04-22
330,Matthew Padilla,lewischristian@example.net,East,2023-11-21
331,Alexandra Dominguez,mcneilrobert@example.org,East,2024-08-23
332,Brandon Shaffer,edwardsnicole@example.org,South,2024-05-11
333,Shelly May,caseyelliott@example.net,South,2025-02-27
334,Nathan Fuller,samanthajensen@example.com,West,2025-10-15
335,Brian Goodwin,bbell@example.com,South,2025-08-01
336,Matthew Wright,kimberly04@example.org,West,2024-10-05
337,Nicole Phillips,bowerslaura@example.org,West,2024-09-10
338,Jonathan Wheeler,hatfieldsarah@example.org,South,2024-05-15
339,Jennifer Payne,kathrynbest@example.org,North,2023-04-06
340,Dennis Williams,fryraymond@example.com,West,2025-02-04
341,Jennifer Miles,davidsonamanda@example.org,East,2024-01-16
342,Jorge Harris,amandamyers@example.net,South,2025-07-01
343,Maria Collins,pblair@example.org,East,2023-12-11
344,Audrey Salazar,parkerjudith@example.net,East,2023-09-27
345,Chad Smith,hbenton@example.net,West,2025-07-23
346,Carol Martinez,jessica10@example.com,South,2025-08-18
347,Austin Joseph,crawfordwilliam@example.org,West,2024-09-16
348,Holly Scott,shannonemily@example.org,West,2023-11-24
349,Amanda Roy,brandoncox@example.org,North,2023-09-30
350,Amanda Pratt,pwalker@example.com,North,2025-12-15
351,Roger Duncan,shawrachel@example.org,East,2023-11-18
352,Amber Morales,xcline@example.com,North,2024-03-11
353,Aimee Gonzalez,jodi37@example.com,South,2024-12-25
354,Raymond Gonzalez DVM,edwardrandolph@example.org,South,2023-11-29
355,Ryan Wiley,aaron64@example.org,West,2023-10-29
356,Mrs. Tonya Kaufman,jenniferdavis@example.org,West,2025-11-25
357,Mercedes Watson,carpenterwilliam@example.net,North,2025-09-01
358,Keith Graham,joelgreen@example.com,West,2025-12-27
359,Ronnie Nguyen,enelson@example.org,North,2023-08-15
360,Ashley Garcia,aowens@example.org,East,2024-10-25
361,Christine Parker,melissa12@example.net,West,2024-02-15
362,Lindsey Lewis,eddie35@example.com,West,2024-10-01
363,Debbie Ewing,cranemelissa@example.net,North,2025-06-15
364,Joel Lara,davidbrown@example.org,West,2023-08-09
365,Jacqueline Mccoy,aguilarjonathan@example.org,North,2023-04-11
366,Steven Ramos,christopherboone@example.com,East,2023-07-31
367,Amber Glass,zunderwood@example.com,South,2023-04-20
368,Carrie Lewis,joshuagriffin@example.org,South,2023-04-25
369,Danielle Phillips,eandrade@example.org,North,2023-06-23
370,Jason Day,crystalpham@example.org,West,2026-03-06
373,Hunter Silva,terrigarcia@example.net,South,2023-12-08
374,Raven Mclaughlin,barbaramcgrath@example.com,South,2024-04-10
375,Sarah Thompson,linda59@example.org,West,2025-04-27
376,Keith Thomas,marycochran@example.com,North,2024-11-01
377,Andrew Brown,andrewwoods@example.com,East,2025-12-18
378,Carlos Love,brian29@example.net,East,2025-12-17
379,Sarah Valencia,brookssheri@example.com,South,2024-12-19
380,Frank Daugherty,fconner@example.net,South,2024-02-29
381,Kristina Preston,jeffrey92@example.com,North,2024-02-17
382,Bethany Daniel,xrosales@example.net,West,2023-04-23
383,Tammy Ponce,daniellegarcia@example.com,West,2023-08-20
384,Cynthia Haas,daisymccarty@example.net,North,2025-03-21
385,Gabriela Smith,johnjones@example.com,North,2025-07-27
386,Amber Kim,acosta@example.com,North,2025-11-08
387,James Poole,franciscojones@example.org,North,2024-02-04
388,Trevor Jones,pamelamartin@example.org,West,2024-11-07
389,Anna Wheeler,bbush@example.net,West,2023-09-15
390,Brooke Garcia,terriortiz@example.net,North,2025-05-17
391,Deborah Campbell,codylong@example.net,East,2025-09-23
392,Isaac Patterson,madison97@example.org,North,2023-07-03
393,Mark Rowland,tanthony@example.com,South,2024-08-15
394,Deborah May,ylopez@example.com,East,2023-10-09
395,Jeremiah Baker,anne21@example.org,East,2025-03-19
396,Jennifer Avila,angelarandall@example.net,West,2024-06-19
397,Sharon Wells,thomasmiller@example.net,North,2023-04-26
398,Kellie Duncan,davidtodd@example.org,North,2026-01-21
399,Daniel Lee,hendersonvanessa@example.com,South,2023-10-26
400,Brittany Larson,renee11@example.com,South,2024-11-17
401,Shannon Stone,buchanancindy@example.net,West,2025-07-21
402,Chase Knight,buckleyanna@example.org,West,2025-07-26
403,Sheryl Humphrey,patrick79@example.net,South,2024-08-17
404,Jamie Montgomery,vwilliams@example.net,West,2023-12-04
405,Tammie Prince,morganlaura@example.com,South,2024-01-19
406,Michael Garcia PhD,kevinmanning@example.com,East,2024-01-08
407,Matthew Lopez,robinrussell@example.com,South,2025-06-27
408,Samantha Robertson,cameronmckinney@example.com,North,2023-08-14
409,Sherry Johnson,nancygonzalez@example.org,West,2023-12-17
410,Thomas Bush,micheal78@example.com,North,2025-02-11
411,Andre Watson,ethompson@example.net,North,2024-11-11
412,Ryan Green,mitchellpaul@example.org,North,2025-10-08
414,Tracy Fleming,pbuck@example.org,North,2025-01-05
415,David Trujillo,jennifer46@example.com,North,2025-10-06
416,Daniel Turner,asilva@example.net,East,2026-03-17
417,Sara Hoffman,kenneth17@example.org,West,2024-03-21
418,Frederick Hill,jacob83@example.org,North,2025-08-16
419,Lindsay Guerrero,jenniferrios@example.com,South,2023-12-28
420,James Johnson,matthewreeves@example.net,East,2024-10-24
421,Susan Powers,megan82@example.com,West,2023-07-03
422,David Stokes,staceylam@example.net,East,2023-06-24
423,Patrick Parker,nathan94@example.com,West,2025-10-06
424,Sean Silva,kennedyjames@example.org,East,2025-10-23
425,Edwin Brown,derrickgonzalez@example.com,South,2026-03-03
426,Victoria Thomas,kimberlyfreeman@example.net,North,2026-03-03
427,Anthony Hayes,kathleenjackson@example.org,West,2024-09-05
428,Anita Mendez,epowell@example.com,West,2023-03-24
429,Monica Dodson,katherine83@example.org,North,2025-03-29
430,Danielle Steele,larry16@example.net,East,2024-12-22
431,Rodney Evans,stephen89@example.net,North,2024-03-22
433,Jennifer Perez,jasonjohnson@example.net,West,2023-09-20
434,Matthew Johnson,kelsey90@example.net,North,2026-03-12
435,Martha Smith,butleromar@example.net,South,2023-12-20
436,Christine Jennings,turnerdorothy@example.net,North,2024-10-08
437,Mercedes Barnes,huntchristine@example.com,East,2023-07-21
438,Craig Gonzalez,marie35@example.net,West,2024-06-09
439,Joshua Lozano,arivera@example.org,North,2025-03-23
440,Sara Caldwell,stacychan@example.org,South,2025-05-19
441,David Hall,joseph01@example.org,West,2025-10-31
442,Heather Rhodes,grodgers@example.org,South,2023-03-29
443,Matthew Murphy,rfriedman@example.net,North,2023-06-28
444,Catherine Morales,ynelson@example.net,South,2025-10-05
445,Mariah Robles,andersonjessica@example.org,East,2023-07-10
446,Karen Carroll,ywhite@example.com,East,2025-01-16
447,Sheryl Acosta,timothyfreeman@example.com,South,2024-07-13
448,Matthew Smith,tiffanysantiago@example.com,West,2024-10-07
449,Lisa Reynolds,timothyalvarado@example.net,East,2024-05-13
450,Kristin Huerta,smithsarah@example.net,South,2025-10-03
451,Sheila Jones,vflores@example.com,West,2023-05-13
452,Mason Powell,christianwallace@example.net,West,2024-07-21
453,Jillian Wilson,bmcgee@example.org,South,2024-06-02
454,Joshua Petersen,pamela83@example.net,North,2025-03-23
455,Heidi Brown,meganrivera@example.net,East,2025-01-03
456,Heidi Chavez,malonejeffrey@example.com,East,2024-04-10
457,Rebecca Kelley,jacqueline02@example.com,North,2023-08-19
458,Mikayla Rodriguez,jacobconrad@example.com,East,2023-11-10
459,Cheryl Morgan,owilliams@example.net,West,2024-12-22
460,Joanna Barrett,tamarasmith@example.net,North,2023-05-11
461,Sara Webb,heatherthompson@example.org,East,2023-07-10
462,Lisa Morris,mbarnes@example.net,North,2025-06-30
463,Victor Waller,iballard@example.com,East,2025-01-06
464,Kayla Cameron,jennifer83@example.org,South,2023-11-03
465,Melissa Morse,tinasantos@example.org,North,2024-09-20
466,Erica Wilson,anna99@example.net,West,2025-05-04
467,Stephanie Ferguson,hstokes@example.org,North,2023-04-15
468,Michael Gonzalez,tonyavega@example.org,East,2025-09-23
469,Elizabeth Molina,howardshaun@example.net,North,2025-10-24
470,Sharon Newton,yyoung@example.net,West,2024-01-27
471,Tammy Hughes,tammy00@example.net,East,2023-12-19
472,Priscilla Berg,rhondabush@example.net,West,2024-04-24
473,Nancy Gonzalez,kellythompson@example.net,South,2023-06-08
474,Nancy Wilson,pattersonangela@example.org,South,2023-09-11
475,Abigail Owens,billmcfarland@example.net,East,2023-05-13
476,Lisa Stanley,jtyler@example.com,West,2023-06-06
477,Kelly Krueger,hartmanerik@example.net,West,2024-10-27
478,Daniel Lewis,mark43@example.net,North,2024-10-19
480,Erica Moon,cruzamber@example.com,North,2023-04-15
481,Patricia Robertson,stucker@example.net,South,2023-10-15
482,Tiffany Jackson,simsjason@example.net,West,2025-07-13
484,Mitchell Johnson,brownlaura@example.net,West,2023-06-04
485,Susan Russell,bmccoy@example.com,South,2023-04-06
486,Kimberly May,avilabrenda@example.net,North,2025-10-02
487,Jonathan Roberts,catherine47@example.com,South,2024-05-24
488,Kara Ferguson,julierobles@example.net,East,2024-02-05
489,Elizabeth Eaton,susan08@example.net,West,2023-08-20
490,Kenneth Long,torreskaitlin@example.net,East,2024-03-29
491,Matthew Hunt,jackjensen@example.com,West,2023-10-17
492,Robert Phelps,enewman@example.com,West,2025-03-23
493,Craig Carpenter,michael31@example.com,West,2025-01-25
494,Emily Hayes,heather29@example.net,East,2024-04-21
495,Jeffrey Smith,kristenjoseph@example.net,South,2024-07-08
496,Brandy Quinn,wford@example.com,South,2024-09-02
497,Matthew Miller,michele28@example.org,North,2024-01-01
498,Angela Jones,atkinsoncrystal@example.net,South,2024-12-11
499,Christy Johnson,amy87@example.net,West,2025-07-14
501,Mary Charles,katherinetaylor@example.org,North,2023-10-01
503,Dennis Young,aprilmoody@example.com,West,2024-08-14
504,Anthony Hooper,dakota84@example.net,West,2024-01-01
505,Carrie Valdez,briana18@example.com,South,2024-05-04
506,Kelli Gomez,tommy79@example.org,South,2024-09-18
507,Christopher Jones,jason22@example.com,East,2025-01-06
508,Mary Perry,jennifer77@example.com,North,2023-11-04
509,Roy Johnson,andersonbrittany@example.org,South,2025-02-05
510,Kenneth Brown,sandra86@example.net,North,2026-02-12
511,Sherry Luna,stacey37@example.net,West,2026-03-10
512,Carolyn Greer,laurahoover@example.org,East,2025-01-29
513,Carol Jennings,ecarlson@example.org,West,2024-05-06
514,Alan Mills,mserrano@example.org,West,2023-09-29
515,Linda Rich,davisdonna@example.net,West,2024-10-29
516,Todd Gregory,xboyd@example.org,North,2025-04-20
517,Todd Olson,zbell@example.net,West,2025-12-07
518,Laura Coleman,thomas31@example.com,North,2025-01-02
519,Deanna Smith,lanedavid@example.org,South,2024-05-02
520,Robert Ortiz,mooredenise@example.com,East,2023-12-30
521,Krystal Carr,afischer@example.net,South,2025-07-24
522,Mr. Justin King,becky62@example.net,North,2023-07-27
523,Richard Avery,lewisrichard@example.com,North,2025-08-11
524,Melinda Williams,aoconnell@example.org,West,2025-09-05
525,Kyle Davis,jeffrey19@example.org,South,2025-05-20
526,Jennifer Douglas,jennifer90@example.org,South,2025-02-17
527,Dakota Sandoval,james98@example.net,West,2025-04-21
528,Megan Ward,cantrellchristopher@example.com,North,2025-07-19
529,James Willis,mclaughlincasey@example.org,West,2024-11-09
530,Kristin Aguilar,sylvia43@example.net,West,2026-02-05
531,Jared Smith,richardrodriguez@example.org,East,2024-09-19
532,Bruce Palmer,nancy94@example.net,North,2024-07-15
534,Mr. James Kramer,ericahall@example.com,South,2024-06-12
535,Joseph Haynes,john16@example.net,East,2025-06-15
536,Justin White,michael94@example.org,North,2026-01-19
537,Susan Porter,jimmyallen@example.com,South,2023-10-31
538,David Montgomery,kimberlywilson@example.org,North,2025-03-28
539,Lisa Duran,charlesnathan@example.com,East,2024-09-08
540,Dr. Sheila Henry,raymond92@example.org,North,2024-10-14
541,Todd Johnson,phillip27@example.org,East,2025-04-21
542,Michael Smith,nicolasgarcia@example.com,North,2025-01-17
543,Joshua Young,vmullen@example.com,North,2023-10-06
544,Jason Goodwin,melissa47@example.org,North,2024-12-03
545,Melissa Olsen,linda86@example.com,West,2023-10-19
546,Nancy Kennedy,thompsonvictor@example.net,North,2024-10-05
547,Rachel Evans,rosshannah@example.org,South,2023-11-09
548,Ryan Davis,jordan58@example.net,East,2026-01-02
549,Alejandro Martinez,barbarasantos@example.net,East,2023-09-26
550,Heather Nunez,champton@example.org,East,2024-05-09
551,Mark Thomas,daniellemcfarland@example.com,West,2025-02-07
552,Sarah Jones,matthewedwards@example.net,South,2024-02-01
553,Matthew Nelson,xnorman@example.net,West,2024-12-20
555,Angela Jackson,davissharon@example.com,West,2024-11-08
556,James Hubbard,garciachristine@example.org,East,2025-03-05
557,Ellen Wright,scott22@example.net,East,2025-09-22
558,Matthew Dalton,michelle78@example.com,West,2024-11-08
559,Travis Ryan,owelch@example.net,West,2024-07-07
560,Kimberly Stout,zfernandez@example.org,West,2024-07-14
561,David Torres,millskatherine@example.org,East,2024-03-29
562,Adam Weeks,xevans@example.com,North,2025-08-08
563,Rebecca Kelley,robertcastro@example.com,South,2023-12-17
564,Maria Clayton,josehenderson@example.org,North,2024-10-04
565,Lisa Benson,justin84@example.com,West,2023-10-10
566,Chad Rodriguez,rwilliamson@example.net,North,2025-01-28
567,Alec Williams,lopezcurtis@example.com,North,2023-08-02
568,Adam Davis,snydermatthew@example.com,North,2025-07-26
569,Mr. Michael Johnson Jr.,brianrowe@example.org,East,2024-11-02
570,Steven Wright,hclayton@example.net,East,2023-12-16
571,Jessica Rojas,gonzalezjill@example.org,West,2024-10-09
572,Mrs. Melanie Collins,eric08@example.net,South,2023-07-30
573,Mr. Isaac Williams,teresayoung@example.com,South,2024-03-08
574,Donald Wilson,albertwilliams@example.net,North,2024-08-20
575,Jacqueline Davis,vincentparks@example.com,North,2026-01-01
576,Lori Brown DDS,martinezjesse@example.net,South,2025-07-29
577,Renee Gonzales,andrewgray@example.net,West,2023-08-13
578,Karina Kim,amy73@example.net,East,2023-10-09
579,Nicholas Hill,caseymoore@example.com,West,2025-09-01
580,Jordan Parsons,bgross@example.net,North,2025-10-12
581,Cynthia Le,rlee@example.com,North,2025-07-04
582,Douglas Ortiz,daniel81@example.org,West,2025-09-18
583,Shane Harris,clee@example.net,North,2025-02-18
584,John Hanson,brandon39@example.net,North,2023-06-04
585,Christine Henry,mcdonalddanielle@example.com,South,2024-11-19
586,Jennifer Wood,colonjoseph@example.org,West,2025-05-31
587,Angela Lewis,garciajerry@example.com,East,2023-10-12
588,Danielle Garrett,angelagrant@example.net,North,2023-07-12
589,Heather Ellis,kandrade@example.org,West,2024-11-10
590,Mary Ferguson,umahoney@example.net,West,2026-03-08
591,Jacob Duran,umckenzie@example.net,West,2023-12-07
592,Jaime Pierce,michael77@example.com,West,2023-03-19
593,Duane Smith,victoriaturner@example.com,North,2026-02-28
594,Ethan Ingram,samantha88@example.net,West,2025-12-26
595,Andrew Kelly,josephpreston@example.org,South,2023-11-29
596,Anna Ross,jessicacummings@example.com,West,2023-09-24
597,Melissa Johnston,larsonkevin@example.net,East,2025-08-20
598,Richard Weeks,michael66@example.org,West,2025-10-26
599,Matthew Guzman,walterscrystal@example.org,East,2024-02-15
601,Laura Davis,zroberts@example.org,East,2023-08-10
602,Kenneth Williams,zbaker@example.net,West,2024-07-06
603,Pamela Castillo,tonypearson@example.org,East,2024-11-22
604,Kelly Allen MD,kmorris@example.org,North,2023-07-20
605,Jacob Lee,brittney04@example.org,West,2026-03-04
606,Wanda Ramos,scottglass@example.org,East,2023-10-23
607,Peter Farrell,singhjohn@example.net,South,2025-12-27
608,Samantha Smith,torresthomas@example.com,East,2023-11-02
609,Christina Mills,ana92@example.net,West,2025-04-22
610,Kevin Alvarado,scottbrian@example.org,West,2025-07-30
611,Amy Pena,jonesdonna@example.net,West,2025-10-07
612,Sharon Smith,yhall@example.net,South,2026-02-20
613,Ethan Delacruz,lopezvincent@example.com,West,2024-11-21
614,Amanda Nielsen,matthew62@example.org,South,2024-04-01
615,Mario Young,lisa46@example.org,East,2026-01-15
616,Courtney Peterson,fsandoval@example.net,East,2024-05-10
617,Lisa Garrett,robertberry@example.com,North,2026-02-13
618,Erin Daniels,denisecarpenter@example.net,South,2025-08-11
619,Ellen Thornton,russellstout@example.org,North,2025-03-06
620,Brooke Jones,whitemary@example.org,North,2025-05-23
621,Sheryl Gutierrez,vturner@example.net,South,2026-01-03
622,Richard Rodriguez,anthonyodom@example.net,South,2024-01-05
623,Crystal Hall,howardhailey@example.com,North,2023-08-12
624,Julie Banks,melissahenry@example.org,South,2023-09-14
625,Jason Novak,stephanie33@example.org,East,2023-05-30
626,Victoria Camacho,dwatts@example.org,North,2024-06-29
627,Lisa Holloway,phillip99@example.net,South,2024-10-14
628,Rachel Meyer,cbryant@example.org,South,2024-10-06
629,Nicholas Grant,leescott@example.com,East,2025-07-13
630,Christopher Phillips,vaughnrebecca@example.com,South,2025-09-12
631,Nathan Wilson,phillipmorris@example.org,East,2023-09-30
632,Michelle Harris,udavis@example.net,South,2025-02-26
633,Carly Quinn,wilsonshannon@example.com,South,2023-06-20
634,Monica Hester,nicholasjames@example.org,South,2025-12-11
635,Mary Hernandez,haroldjoseph@example.com,North,2024-02-19
636,Tonya Roberts,davidanderson@example.org,East,2023-03-22
637,Alexandria Jimenez,astephens@example.net,North,2025-11-09
638,Kevin Alvarez,mramos@example.net,South,2023-03-26
639,Diana Fuller,brandonhernandez@example.net,West,2024-04-04
640,Andrew Lane,mark10@example.org,West,2024-06-17
641,Michael Carr,tammycurry@example.com,East,2026-01-01
642,Edwin Richardson,wwilkins@example.com,West,2025-09-27
643,John Martinez,mark68@example.org,West,2025-04-18
644,Ashley Blair,webbhaley@example.net,South,2024-01-27
645,Emily Fox,sara99@example.com,West,2024-10-08
646,Katherine White,jeanettekrause@example.org,South,2023-07-26
647,Robert Mclaughlin,laurenduarte@example.com,South,2023-05-07
648,Robert Lewis,hannahking@example.org,East,2024-02-19
649,Erica Smith,matthew99@example.org,West,2025-09-15
650,Roy Nielsen,zhendricks@example.org,West,2025-02-22
651,Mr. Steven Herrera,steven60@example.net,South,2024-02-09
652,Emily Herrera,barbararivera@example.com,East,2023-05-30
653,Ryan Morgan,ksims@example.net,North,2025-01-10
654,Bruce Patton,janet50@example.com,West,2024-06-14
655,David Hayes DVM,aliciathompson@example.com,East,2025-07-25
656,Susan Wallace,lloydrebecca@example.org,East,2023-10-13
657,Morgan Mills,douglas18@example.net,West,2026-03-10
658,Andrew Hughes,smithsarah@example.net,East,2025-10-02
659,Felicia Small,meyerdonna@example.com,North,2023-04-12
660,Margaret Clark,jameshill@example.com,South,2025-07-12
661,Denise Moore,smithcindy@example.net,North,2023-07-09
662,Kirsten Nelson,audrey21@example.com,East,2025-01-18
663,Jeremy Anderson,dberger@example.org,North,2024-05-12
664,James Bush,tjensen@example.com,North,2025-08-30
665,Megan Ferguson,fbradley@example.net,East,2024-08-12
666,Michael Mckinney,oruiz@example.org,East,2025-10-16
667,Susan Myers,kristina57@example.com,East,2023-04-21
669,Robert Robles,angela14@example.net,West,2024-08-04
670,Cynthia Sanchez,terrireyes@example.com,North,2023-11-02
671,Jessica Baird,amy32@example.net,West,2025-03-21
672,Michelle Copeland,vargassteven@example.net,East,2023-07-03
673,Eric Sullivan,jenningscandace@example.com,East,2024-03-11
674,Amy Robinson,paigeberger@example.net,North,2025-08-21
675,Mary Chavez,peter97@example.org,East,2023-10-30
676,Elizabeth Bauer,samantha65@example.org,East,2024-12-16
677,Kayla Abbott,bryan80@example.org,East,2025-04-27
678,Heather Callahan,youngjacqueline@example.com,North,2025-01-31
679,Jennifer Graham,elainewells@example.org,East,2024-11-16
680,Heather Butler,whitney22@example.org,West,2023-06-05
681,Nathan Tucker,iproctor@example.org,East,2023-08-16
682,Shannon English,dhanson@example.net,North,2024-06-25
683,Janice Perez,kjacobs@example.com,West,2025-10-01
684,Jonathan Jenkins,arthur09@example.com,West,2025-04-28
685,John Vaughn,jessicafox@example.com,North,2024-08-09
686,Steve Davis,qmccoy@example.net,West,2023-06-12
687,Rebecca Edwards,bergeramanda@example.org,South,2024-08-13
688,Julie Gross,zgomez@example.com,East,2024-01-29
689,Thomas Curry,bryan79@example.org,South,2024-12-05
690,Dorothy Mclaughlin,mitchellchristopher@example.net,West,2023-06-11
691,Darlene Gilbert,michaela01@example.net,West,2023-09-26
692,Brittany Griffin,josehaynes@example.com,West,2023-10-02
693,Amanda Riggs,caitlinunderwood@example.com,West,2025-06-20
694,James Guerrero,jasonnavarro@example.com,West,2023-05-17
695,Robert Williams,tross@example.com,North,2025-06-13
696,Kim James,jwells@example.net,South,2025-10-26
697,Timothy Cole,suzanne01@example.net,East,2025-02-13
698,Jessica Hull,matthew41@example.com,East,2025-03-04
699,Raymond Curry,aprilbyrd@example.org,North,2024-02-25
701,Douglas Lee,harveybrian@example.net,East,2025-03-06
703,Kylie Coffey,dominguezjon@example.com,North,2025-03-11
705,Destiny Brown,dcook@example.com,North,2026-01-28
707,Jessica Mendez,gainesjennifer@example.org,North,2023-04-26
708,Nicholas Waters,mosleyeduardo@example.net,East,2023-03-19
709,James Hernandez,rebecca90@example.net,South,2025-05-01
710,Karen Powell,fernandezaaron@example.net,South,2025-08-30
711,Mr. Timothy Howard,richard15@example.net,East,2025-10-08
712,Ryan Hodges,deborah28@example.org,East,2026-02-10
713,Elizabeth Price,mccoymichael@example.org,East,2025-11-12
714,Collin Johnson,cortezbrittany@example.com,West,2024-05-17
715,Maria Porter,blevy@example.org,West,2024-03-24
716,Nathan Sullivan,lindsaycontreras@example.com,West,2026-01-11
717,Kimberly Figueroa,sandyjohnson@example.org,East,2024-09-04
718,Terry Montgomery,jacquelineanderson@example.org,South,2025-02-08
720,Lisa Brown,ronaldcain@example.net,East,2025-03-30
721,William Johnston,marcoconnell@example.org,North,2025-07-02
722,Gabriela Martinez,katherinejackson@example.com,West,2024-11-13
723,Timothy Williams,moodycrystal@example.com,West,2025-07-17
724,John Smith,saramann@example.net,North,2025-11-14
725,Robert Barton,jamiebowman@example.net,West,2024-07-24
726,Christopher Holt,jennifersalazar@example.org,North,2025-02-02
727,Hannah Smith,jamesdowns@example.org,East,2025-01-24
728,Victoria Romero,qtownsend@example.org,North,2024-01-15
729,Robert Jennings,kjimenez@example.net,South,2025-12-23
730,Jackson Clark,matthew70@example.org,East,2025-06-06
731,Casey Floyd,erobertson@example.org,East,2025-05-16
732,Erika Gonzalez,jerry15@example.org,South,2023-07-04
734,Timothy Gibson,dbrooks@example.net,West,2023-10-17
735,Derrick Rogers,schwartzbrian@example.org,North,2023-07-18
736,Jason Wolf,oliviamunoz@example.net,East,2026-01-25
737,Laura Tran,christophervincent@example.com,East,2025-10-18
738,John Ford,blairjill@example.org,South,2023-12-15
739,Daniel Pennington,robinvillanueva@example.com,East,2026-02-24
740,John Mack,simmonsphillip@example.net,West,2025-09-03
741,David Hansen,steelerichard@example.org,West,2023-08-11
742,Matthew Davis,kcaldwell@example.net,West,2024-08-02
743,Lauren Bray,tingram@example.com,East,2023-10-07
744,Lori Padilla,daltonchad@example.net,South,2024-03-17
745,Jeffery Nelson,kristinmiller@example.com,West,2025-06-01
746,Tony Leonard,rodriguezmichael@example.net,South,2023-05-02
747,Matthew Bush,devonrogers@example.net,East,2023-07-21
748,Todd Carpenter,karenhodges@example.com,South,2024-04-08
749,Michael Ramirez,watsonshaun@example.net,South,2024-10-15
750,Michael Gregory,shannon51@example.org,North,2025-11-19
751,Bobby Hurst,susan11@example.org,West,2024-01-15
752,Kathleen Golden,cartertara@example.net,North,2026-01-02
753,Jason Rojas,carterbryan@example.org,North,2025-09-18
754,Gabriella Lane,todd88@example.com,West,2024-08-01
755,Stephanie Parker,jeremy54@example.org,East,2023-08-28
756,Tyler Montgomery,jennifermitchell@example.org,South,2025-09-23
757,Mary Hernandez,darylchaney@example.net,East,2023-08-04
758,Cody Hart,wadetiffany@example.org,South,2024-04-30
759,Carla Turner,sullivanvictor@example.org,North,2026-01-19
760,Brittney Cordova,deborah47@example.com,East,2026-02-12
761,Wendy Estrada,hmorgan@example.net,North,2024-08-24
762,Michael Wilson,moralesmary@example.com,East,2024-04-13
763,Lee Lee,kimberlywang@example.org,West,2023-04-12
764,Jill Powers,daughertypreston@example.com,West,2024-02-29
765,Terri Kerr,raymond65@example.com,South,2024-04-30
766,Gregory Madden,lewispamela@example.net,West,2026-03-09
767,Donna Shaffer,achandler@example.org,East,2025-09-18
768,Briana Turner,carl96@example.org,South,2023-03-26
771,Rick Moore,stephanie71@example.net,East,2025-03-17
772,Christopher Knox,anthonyhubbard@example.com,West,2026-03-11
773,Patrick Perkins,ooneill@example.net,North,2024-08-21
774,Barbara Hunt,brucefrancisco@example.org,East,2023-08-26
775,Michael Howard,nelsonrobert@example.com,West,2023-05-11
776,Mark Jones,katiewhite@example.org,West,2025-01-02
777,Frank Stewart,joseph51@example.net,South,2024-12-13
778,Alexandria Holmes,kimberly65@example.org,North,2023-07-09
779,Daniel Lopez,butlersabrina@example.org,South,2025-08-31
780,Karen Collins,don79@example.net,West,2025-07-02
781,Michael Johnson,walkermelissa@example.org,West,2025-04-10
782,Daniel Zavala,yvazquez@example.org,East,2023-06-12
783,Nicole Williams,johnsondonna@example.net,North,2023-05-22
784,David Jones,websterkimberly@example.net,North,2023-10-29
785,Cathy Bell,thomasjulie@example.com,South,2026-01-20
786,Christopher Mason,williamjones@example.net,East,2025-07-01
787,Michelle Brandt,rachelmedina@example.net,North,2023-07-05
788,Jonathan Zimmerman,helen27@example.net,East,2026-01-30
789,Henry Gray,willierussell@example.com,East,2023-08-01
790,Chad Farmer,angela01@example.com,North,2024-09-09
791,Jesus Fitzgerald,aperez@example.com,North,2026-03-01
792,Scott Jacobson,xcrosby@example.org,South,2023-04-02
793,Megan Sanders,wilsonralph@example.net,East,2024-12-24
794,Timothy Levine,coxjames@example.org,West,2024-12-29
795,Barbara Massey DDS,kathy99@example.com,South,2025-06-24
796,Terri Kelly,garcher@example.com,South,2023-08-27
797,Bryan Burns,courtneytaylor@example.org,West,2025-06-03
798,Kathleen Johnson,patrickshelton@example.org,South,2024-02-13
799,Paige Guerrero,msparks@example.com,South,2025-03-12
800,Dennis Cooper PhD,cisnerosanthony@example.com,South,2025-11-06
801,Jerry Farrell,cstevens@example.org,North,2024-11-17
803,Laura Henry,kalvarez@example.net,East,2023-05-19
804,Kevin Gray,katie45@example.org,West,2023-04-18
805,Russell Bailey,hubbardcolleen@example.com,East,2023-07-03
806,Hunter Bell,johnwong@example.net,West,2023-06-20
807,Sheila Wilson,andrewnguyen@example.com,East,2025-03-08
808,Jose Fisher,dominguezbrianna@example.com,North,2024-05-05
810,Gina Mendez,tara37@example.net,West,2025-10-01
811,Sara Herrera,joseph49@example.com,North,2025-08-16
812,Tina Robbins,vargasjoshua@example.net,West,2025-08-12
813,Daniel Flynn,william46@example.net,East,2024-10-30
815,Kelli Lopez,vlewis@example.com,West,2024-01-06
816,Rhonda Farrell,umichael@example.net,West,2023-05-23
817,Joel Allen,megan65@example.org,North,2025-02-10
818,Debra Mitchell,jonathanburke@example.com,North,2023-12-05
820,Christopher Taylor,kristine48@example.org,West,2025-02-21
822,Troy Mosley,sandersmary@example.org,East,2023-12-02
823,Kathryn Martinez,tyler13@example.net,North,2023-07-30
824,Erin Silva,vshaffer@example.org,East,2026-01-06
825,Brian Lewis,scott49@example.org,East,2024-09-05
826,Travis Stewart,pwells@example.com,North,2025-11-05
827,Heidi Baldwin,andrew90@example.net,East,2025-03-13
828,Melissa Mccormick,johnnycruz@example.net,West,2026-01-31
829,Robert Martinez,miaprice@example.com,West,2025-12-28
830,Elizabeth Mayer,kennethvillarreal@example.org,North,2025-12-15
831,Sherry Wang,rmccormick@example.org,North,2025-09-05
832,Kaitlin Gutierrez,jennifer12@example.net,North,2023-12-29
833,Jason Daniel,shawn00@example.net,South,2025-02-18
834,Rachel Taylor,tgonzalez@example.com,North,2024-12-08
835,David Reeves,melaniejennings@example.com,West,2024-07-25
836,Brandi Thompson,lauren31@example.com,West,2024-04-24
837,James Davenport,andrewjohnson@example.net,West,2025-02-24
838,Susan Mccann,josechristian@example.org,North,2024-05-31
839,David Davis,george91@example.org,North,2025-05-13
840,Thomas Chavez,twilson@example.org,West,2023-10-13
841,Rachael Roberts,breyes@example.org,South,2025-01-04
842,Diane Byrd MD,bsparks@example.com,East,2026-02-19
843,Jerry Wright,emiller@example.org,West,2025-10-28
844,Jennifer Lewis,verickson@example.net,North,2023-12-24
845,Anthony Cook,thomasgomez@example.net,North,2026-01-10
847,Jacob Donaldson,carpenterjorge@example.net,North,2024-09-08
848,John Davis,hthomas@example.com,North,2023-05-06
849,Seth Davenport,sara44@example.net,West,2025-09-12
851,Mallory Gonzales,edgarhall@example.org,West,2024-08-14
852,John Wilson,wwilliams@example.net,West,2024-11-22
853,Brian Cortez,daviddavis@example.com,West,2023-10-02
854,Jordan Nelson,brandybonilla@example.net,North,2025-07-05
855,Thomas Sanchez,vrhodes@example.org,South,2024-01-24
856,Mrs. Jacqueline Hickman,hooderic@example.org,West,2024-08-03
857,Karen Fuller,brooke05@example.org,North,2025-03-06
858,Erika Dennis,jasonwilliams@example.net,North,2024-01-22
859,Natasha Payne,qdavis@example.org,East,2023-12-06
860,Jennifer Smith,frankchan@example.com,West,2025-02-24
861,Brittany Evans,tfitzgerald@example.net,West,2025-01-07
862,Brendan Richardson,tracymcclure@example.com,West,2024-01-06
863,Ann Henderson,christina66@example.org,North,2023-05-02
864,John Walker,sarahrose@example.net,West,2024-10-13
865,Jeffrey Solomon,ievans@example.net,West,2025-12-01
866,Kelly Phillips,arnoldsamantha@example.net,East,2023-07-14
867,Brandon Guerrero,michael91@example.net,West,2023-04-05
868,Julie Hartman,awilliams@example.net,West,2024-02-07
869,Jordan Santiago,matthew23@example.org,South,2023-06-12
870,Mrs. Megan Hamilton,smithdarryl@example.org,North,2025-03-06
871,Jared Sandoval,nturner@example.com,South,2025-04-13
872,Megan Ballard,martinezalexander@example.org,North,2025-08-28
873,Chelsea Johnson,pwong@example.org,North,2024-07-08
874,Rachel Lee,kayla27@example.com,North,2023-04-11
875,Christian Park,cruiz@example.net,East,2023-12-09
876,Ronald Myers,alan66@example.com,East,2025-06-03
877,Kristen Roberts,gross@example.net,East,2025-05-20
878,Susan Dillon,jenniferrice@example.com,East,2024-12-09
879,Debra Wong,nwilson@example.net,East,2024-04-01
880,Alisha Roberts,taylorkim@example.net,East,2023-11-14
882,Sandra Nunez,laura29@example.org,West,2024-01-22
883,Mary Anderson,ericvasquez@example.com,South,2026-01-14
884,David Hawkins DVM,nicole52@example.org,North,2025-09-10
885,Amanda Brown,owilson@example.org,West,2024-11-23
886,Dr. Richard Hammond,paula89@example.net,East,2023-07-11
887,Tracy Lloyd,villegaskimberly@example.net,North,2025-07-22
888,Samantha Williams,jacksondavid@example.org,North,2025-12-10
889,Edgar Alexander,goconnor@example.org,North,2025-02-24
890,Chad Allison,xmontes@example.org,South,2023-12-12
891,Gloria Wagner,adamsjennifer@example.com,North,2024-04-16
893,Jimmy Phelps,sherry72@example.org,East,2025-05-12
894,Andrea Morgan,kholden@example.com,West,2023-05-25
895,Mary May,levinetina@example.net,East,2025-11-02
896,Jennifer Blackwell,jennifer55@example.org,East,2025-09-09
897,Lisa Thomas,ngriffin@example.net,East,2025-01-30
898,Jessica Reed,trowe@example.org,North,2023-04-28
899,Neil Singh,abigailfernandez@example.org,North,2023-06-28
900,Kelly Sherman,andrewzamora@example.net,East,2024-12-26
901,Raymond Barber,dennismckenzie@example.com,North,2025-02-02
902,Anthony Curtis,westashley@example.org,North,2024-07-27
903,Dr. Virginia Cunningham,michaelmitchell@example.net,North,2024-12-05
904,James Mclaughlin,murphybrandi@example.com,West,2024-07-28
905,Jeffery Jenkins,brownpamela@example.com,South,2023-11-09
906,Michael Powell,lwiggins@example.com,East,2025-02-12
907,Melissa Gould PhD,jcolon@example.net,South,2023-08-05
908,Beverly Bush,bensonstanley@example.org,North,2025-06-13
909,Jaclyn Crane,xrodriguez@example.net,South,2024-01-30
910,Autumn Torres,kevin70@example.org,North,2023-08-21
911,Amber Shannon,jason70@example.org,West,2024-11-07
912,Andrew Olson,ariel56@example.com,North,2025-09-17
913,Brandi Taylor,qgill@example.com,South,2023-08-29
914,Ann Weber,zhughes@example.com,West,2024-10-31
915,Stacy Fitzgerald,clinejasmine@example.net,East,2025-02-05
916,Ellen Brewer,leechristine@example.net,South,2025-06-25
917,Kelly Christensen,martinezsharon@example.org,East,2026-02-04
918,Daniel Gallegos,imiller@example.net,West,2024-03-03
919,Katherine Peck,samuel60@example.net,South,2024-02-29
920,Brian Garcia,justinwhite@example.org,East,2023-09-03
921,Meghan Brown,howard04@example.com,West,2023-07-05
922,Steven Scott,williamsjohn@example.net,East,2024-12-19
923,Paul Cruz Jr.,floresangela@example.org,South,2024-08-30
924,David Mercado,angela91@example.org,North,2025-07-01
925,Beth Carroll,omiller@example.net,North,2023-10-27
926,Jacqueline Galloway,amandahenderson@example.net,West,2024-07-25
927,John Calderon,denise20@example.org,East,2026-01-04
928,Mr. Ryan James,megan39@example.net,South,2024-01-21
929,Joseph Jones,fosterdavid@example.org,South,2025-05-20
930,Dr. Christine Wagner PhD,cynthia74@example.org,East,2025-03-13
931,Daniel Haley,allen20@example.net,East,2024-08-21
932,Megan Gutierrez,ifarmer@example.org,East,2025-07-28
933,Angela Johnson,wchambers@example.com,South,2025-09-10
934,Christopher Tate,martinezmitchell@example.org,East,2024-07-17
935,Alejandro Campbell,james94@example.net,South,2023-11-16
936,Tracy Johnson,tconway@example.net,West,2023-11-02
937,Roberto Foster,ashley72@example.net,North,2023-10-17
938,Megan Morrison,cameronanderson@example.org,North,2023-08-05
939,Savannah Ibarra,james08@example.net,South,2023-12-20
940,Jordan Pace,nashmarcus@example.com,East,2024-01-13
941,Julie Ward,stephensonjeffrey@example.com,East,2025-12-18
942,Emily Myers,christopher90@example.net,South,2023-11-21
943,Tina Stark,frankcollins@example.net,West,2025-01-31
944,Jeffrey Johnson,mary31@example.com,South,2023-12-05
945,Anthony Cook,sherryparsons@example.net,North,2024-07-11
946,Jeremy Martinez,rangelnicholas@example.net,North,2023-05-29
947,Thomas Ramos,cheryl61@example.org,West,2025-03-29
948,Elizabeth James,williamsonrobert@example.net,North,2025-07-28
949,Jody Marshall,nhobbs@example.org,West,2024-03-24
950,Rachel Gibson,briana11@example.org,South,2024-12-29
951,Richard Lee,danascott@example.com,North,2024-08-27
952,Charlene Taylor,brownlarry@example.com,South,2024-09-30
953,Heather Silva,dylanparker@example.com,East,2024-01-31
954,Kelly Sandoval,brianhunter@example.net,South,2025-10-14
955,Craig Gonzalez,kristenpeterson@example.net,West,2024-08-20
956,Julie Schwartz,christina65@example.org,East,2023-07-11
957,Susan Crawford,fowlerheather@example.com,South,2025-01-30
958,Nicholas Cisneros,lindsay63@example.com,East,2023-10-06
959,Heidi Jones MD,thomasscott@example.net,West,2024-12-19
960,Amanda Johnson,justinrobinson@example.com,South,2025-05-14
961,Julian White,thompsonjose@example.org,North,2023-04-10
962,Jamie Cobb,morganjason@example.com,South,2023-12-06
963,Mary Pugh,ejohns@example.org,West,2023-08-24
964,Rebecca Lee,ubenson@example.net,North,2024-07-01
965,Tammy Hines,melissaphillips@example.org,West,2024-03-11
966,Robert Salas,fclark@example.com,East,2025-08-01
967,Carol Hughes,victor72@example.com,East,2025-05-07
968,Karen Sosa,zadams@example.net,South,2025-12-21
969,Amanda Robinson,shannonyoung@example.org,West,2024-02-17
970,Laura Walls,jonathan12@example.org,North,2024-02-05
971,Crystal Williams,ronald76@example.com,South,2024-04-24
972,Mr. Alexander Alexander III,howardchristopher@example.net,South,2024-09-30
974,Gary Turner,james92@example.net,South,2025-06-06
975,Alexa Evans,krista66@example.net,North,2025-06-25
977,Jose Hartman,dsharp@example.com,North,2025-08-02
978,Cole Carrillo,cclark@example.net,East,2023-04-20
979,Shane Torres,porterdonna@example.com,South,2024-03-25
980,Michael Powell,mark09@example.org,East,2025-12-22
982,John Murphy,tfowler@example.org,East,2023-09-22
983,Cassandra Serrano,mjohnson@example.org,East,2025-12-10
984,Daniel Carter,gibsonmiguel@example.org,East,2023-09-23
985,Jennifer Moore,andersonrobert@example.net,East,2023-06-02
986,Sharon Anderson,kylemeyers@example.net,East,2024-08-19
987,Teresa Matthews,ahill@example.org,East,2024-07-19
988,Lisa Wright,renee77@example.com,South,2024-12-08
989,Donna Ibarra,treed@example.com,North,2024-05-20
990,Sarah Perry,rachelquinn@example.com,West,2024-05-13
991,Melissa Davis,allenmonica@example.com,South,2025-11-09
992,Mary Jones,reginajenkins@example.net,East,2023-07-29
993,Pedro Gordon,robert24@example.org,North,2024-09-23
994,Benjamin Neal,vjames@example.com,South,2025-10-11
995,Adam Wilson,markgoodman@example.com,East,2024-08-05
996,Matthew Reeves,rtaylor@example.org,East,2023-09-21
997,Brian Phillips,qjackson@example.org,East,2025-03-29
998,Hunter Robinson,staffordamanda@example.com,South,2025-04-19
999,Robin Davidson,myerskyle@example.org,West,2025-01-02
1000,James Harris,nicholasallen@example.org,East,2023-04-05
